incidentID,totDeadMissing,totalMigrants,xCoord,yCoord
2022.MMP00001,1,1,36.71614878,5.552716421
2022.MMP00002,11,14,36.97321267,6.599006494
2022.MMP00003,6,8,-22.177258,29.862273
2022.MMP00004,17,33,36.523849,-2.117221
2022.MMP00005,1,3,38.566055,44.344085
2022.MMP00006,8,24,28.64045,60.789299
2022.MMP00008,1,1,36.5918492,2.548609412
2022.MMP00009,1,1,36.56840211,2.020841623
2022.MMP00010,1,1,43.82935627,18.21447933
2022.MMP00011,1,1,32.53901177,-117.033951
2022.MMP00012,1,1,32.53926104,-117.039462
2022.MMP00013,1,1,29.30901166,-100.900943
2022.MMP00014,1,31,50.47936679,1.427167767
2022.MMP00015,1,1,32.550487,-116.938188
2022.MMP00016,2,2,38.545505,44.294908
2022.MMP00017,43,53,28.17529426,-12.4316667
2022.MMP00018,1,1,28.302633,-13.90153
2022.MMP00019,1,1,28.248654,-13.904369
2022.MMP00020,1,1,29.34628,-100.947699
2022.MMP00021,2,2,36.583558,-4.533957
2022.MMP00022,1,1,32.719825,20.947388
2022.MMP00023,1,10,36.972379,-1.78863
2022.MMP00024,1,1,33.535533,13.618488
2022.MMP00025,1,1,28.6739324,-100.4644414
2022.MMP00026,1,1,-26.94029127,-55.23607685
2022.MMP00027,11,32,34.73743832,11.14155354
2022.MMP0002830,3,39,32.78779605,12.67827792
2022.MMP0002831,1,1,32.78779605,12.67827792
2022.MMP0002932,1,1,40.882262,23.523767
2022.MMP0002933,1,1,40.882262,23.523767
2022.MMP00031,6,11,1.46452294,103.3222483
2022.MMP00032,7,26,1.367916366,104.2465645
2022.MMP00034,1,1,-19.27447178,-68.63426317
2022.MMP00035,1,1,32.5488045,-117.0228877
2022.MMP00036,1,1,29.33773236,-100.94183
2022.MMP00037,1,1,25.4668438,-100.9914757
2022.MMP00038,9,109,32.79818694,12.72527
2022.MMP00039,1,1,32.91014649,13.24481929
2022.MMP00040,4,9,48.99940555,-97.24679064
2022.MMP00041,1,1,33.19129295,11.49095792
2022.MMP00042,2,105,27.69795472,-16.76125763
2022.MMP00043,7,287,35.49863529,12.57071102
2022.MMP00044,18,27,28.55,-12.868333
2022.MMP0004548,35,36,27.472933,-80.28116576
2022.MMP0004549,3,3,27.472933,-80.28116576
2022.MMP0004550,1,1,27.472933,-80.28116576
2022.MMP00046,1,1,36.7158189,-4.411426992
2022.MMP00047,1,1,36.74901036,-3.868632603
2022.MMP00048,1,1,36.48472671,-4.746799679
2022.MMP00049,36,70,33.78381033,11.4102882
2022.MMP00050,1,1,50.96380982,1.834078038
2022.MMP00051,1,1,8.366314192,-72.40662219
2022.MMP00052,1,1,-19.28005209,-68.63484544
2022.MMP00053,2,8,14.95593951,-89.54122575
2022.MMP00054,15,27,18.63878486,-67.08567576
2022.MMP00055,1,1,32.79329993,13.74138609
2022.MMP00056,1,1,32.79329993,13.74138609
2022.MMP0005763,28,34,32.79249375,12.67770508
2022.MMP0005864,3,3,32.79249375,12.67770508
2022.MMP00059,1,1,32.78139351,13.8601055
2022.MMP00060,2,2,32.79545424,12.78157343
2022.MMP00061,1,3,38.40871794,26.25946236
2022.MMP00062,1,1,39.32067586,26.70845086
2022.MMP00063,1,1,32.88625199,21.52221671
2022.MMP0006471,3,3,35.21131953,-2.986303099
2022.MMP0006472,1,1,35.17617641,-2.935177231
2022.MMP0006573,13,16,40.859587,26.297187
2022.MMP0006574,5,5,40.859587,26.297187
2022.MMP0006575,1,1,40.859587,26.297187
2022.MMP00066,4,18,2.023621734,101.9179966
2022.MMP00067,17,58,27.75151922,-14.28695059
2022.MMP00068,1,1,43.79248332,7.581905364
2022.MMP00069,1,1,32.81201076,12.90201698
2022.MMP00070,1,1,45.190299,6.628727
2022.MMP00071,1,1,45.057168,6.862633
2022.MMP00072,1,20,9.984321425,-61.6035751
2022.MMP00073,2,9,33.7984067,-7.22769852
2022.MMP00074,1,1,-26.211245,30.990034
2022.MMP00075,1,1,-35.85305014,-71.18333152
2022.MMP00076,1,1,31.76460537,-106.4487466
2022.MMP00077,1,1,29.23324883,-99.78876683
2022.MMP00078,2,2,40.99209123,26.35304781
2022.MMP00079,1,9,14.08654531,99.12858445
2022.MMP00080,3,68,26.381286,-15.620547
2022.MMP00081,8,8,27.025788,-98.167336
2022.MMP00082,1,1,32.78363821,12.78293564
2022.MMP00083,2,2,30.96719517,20.11736153
2022.MMP00084,4,57,25.715333,-15.8775
2022.MMP00085,2,2,42.22988914,21.69801039
2022.MMP00086,1,1,38.31746563,26.36375539
2022.MMP00087,1,1,35.37581957,-4.976420298
2022.MMP00088,1,1,-16.56481342,-69.03785951
2022.MMP00090,1,1,11.22186887,-85.60974152
2022.MMP00091,1,1,28.75465961,-100.5020839
2022.MMP00092,1,1,29.3304148,-100.9348289
2022.MMP00093,6,6,1.064398031,-77.428354
2022.MMP00094,1,1,45.341107,14.675023
2022.MMP00095,1,334,35.68787673,32.837824
2022.MMP00096105,3,21,35.06692874,11.718865
2022.MMP00096106,2,2,35.06692874,11.718865
2022.MMP00097,1,1,32.79428489,12.616217
2022.MMP00098,1,1,32.79628545,12.563999
2022.MMP00099,1,95,33.46049899,12.58501
2022.MMP00100,1,1,32.90672432,13.18325823
2022.MMP00101,1,1,38.22195507,21.71892429
2022.MMP00102,1,6,31.58194394,-109.0848442
2022.MMP00103,2,9,18.07044873,-69.00332478
2022.MMP00104,1,10,18.19131809,-68.780365
2022.MMP00106,1,1,7.885807482,-72.520631
2022.MMP00107,1,1,-19.27868575,-68.627236
2022.MMP00108,8,8,8.579565776,-60.993585
2022.MMP00109,2,2,0.818689912,-77.657566
2022.MMP00110,1,1,32.68231734,-114.63488
2022.MMP00111,1,1,31.76085025,-106.510185
2022.MMP00112,1,1,33.72109176,52.4748
2022.MMP00113,13,60,23.65629073,-15.984657
2022.MMP00114,1,1,32.70458183,14.188516
2022.MMP00115,1,1,46.41208695,30.12598747
2022.MMP00116,50,50,33.47359129,12.696152
2022.MMP00117132,6,6,39.2958452,26.406309
2022.MMP00117133,1,1,39.2958452,26.406309
2022.MMP00118,20,29,35.1548911,11.304304
2022.MMP00119,1,1,49.78505023,29.370763
2022.MMP00120,1,1,18.4399756,-96.354449
2022.MMP00121,2,16,2.383488899,37.992706
2022.MMP00122,1,1,11.034722,42.631389
2022.MMP00123,1,3,8.666635204,-77.419636
2022.MMP00124,4,4,19.40283145,-71.128001
2022.MMP00125,2,2,18.37102818,-69.018685
2022.MMP00126,1,1,-33.43018995,-70.6605
2022.MMP00127,1,1,11.16154845,-72.594114
2022.MMP00128,1,1,27.47884258,-99.480674
2022.MMP00129,1,1,27.47884258,-99.480674
2022.MMP00130,1,1,27.41802784,-99.490232
2022.MMP00131,1,1,28.71224989,-100.508992
2022.MMP00132,1,1,17.65422993,-92.442101
2022.MMP00133,1,1,31.59695883,-109.070165
2022.MMP00134,1,1,32.67511812,-115.377716
2022.MMP00135,1,1,28.70899008,-100.509879
2022.MMP00136,1,1,32.66474297,-115.500226
2022.MMP00137,1,1,22.70955247,-78.325303
2022.MMP00138,1,1,35.89415012,-5.321052
2022.MMP00139155,1,1,35.59488958,8.445268
2022.MMP00139156,1,1,35.59488958,8.445268
2022.MMP00139157,2,2,35.59488958,8.445268
2022.MMP00140,3,7,13.77076313,102.077091
2022.MMP00141,1,4,44.81213145,20.25380907
2022.MMP00142,1,574,37.87893069,8.88213
2022.MMP00143,1,1,41.93621376,27.511846
2022.MMP00144,1,1,11.27624942,49.164441
2022.MMP00145,1,1,50.94013554,1.943383
2022.MMP00146,1,2,50.94630769,1.922209
2022.MMP00147,1,1,48.20851062,22.257105
2022.MMP00148,1,1,27.26168,-98.442512
2022.MMP00149167,1,64,26.92092943,-101.474543
2022.MMP00149168,1,1,26.92092943,-101.474543
2022.MMP00150,1,1,28.70943702,-100.508218
2022.MMP00151,1,5,28.82290666,-100.612814
2022.MMP00152,1,1,28.68070748,-100.507645
2022.MMP00153,9,9,18.08775639,-67.210148
2022.MMP00154174,3,3,8.638139062,-77.44195
2022.MMP00154175,1,1,8.638139062,-77.44195
2022.MMP00155,1,5,31.97765971,-110.99021
2022.MMP00156,21,27,32.04277255,24.026583
2022.MMP00157,1,1,32.79560599,12.583315
2022.MMP00158,2,2,32.79216133,12.746522
2022.MMP00159,44,61,27.9492162,-12.91945
2022.MMP00160198,40,40,35.62426273,11.260797
2022.MMP00160199,20,20,35.62426273,11.260797
2022.MMP00161,24,24,35.01820398,11.491153
2022.MMP00162,2,3,29.30968361,-100.900577
2022.MMP00163,1,1,26.1156672,-98.315856
2022.MMP00164,1,1,7.817659786,-72.451684
2022.MMP00165,1,1,25.88864277,-97.497509
2022.MMP00166,3,3,18.00529114,-94.61721
2022.MMP00167,1,1,42.23233157,21.66436181
2022.MMP00168,1,22,44.36449128,11.7827807
2022.MMP00169,6,18,11.75447896,99.734023
2022.MMP00170,2,2,36.80255851,39.951345
2022.MMP00171,8,8,35.10469893,-1.878868
2022.MMP00172,1,1,35.6094831,51.51405391
2022.MMP00173,1,1,35.6094831,51.51405391
2022.MMP00174,1,1,35.6094831,51.51405391
2022.MMP00175,1,1,29.63566487,52.55016962
2022.MMP00176,1,1,35.6094831,51.51405391
2022.MMP00177,1,1,35.6094831,51.51405391
2022.MMP00178,1,1,36.30860757,59.56640007
2022.MMP00179,1,1,35.6094831,51.51405391
2022.MMP00180,1,1,35.6094831,51.51405391
2022.MMP00181,1,1,36.2596928,51.96227584
2022.MMP00182,1,1,38.07379905,46.28684794
2022.MMP00183,1,1,38.07379905,46.28684794
2022.MMP00184,1,1,35.6094831,51.51405391
2022.MMP00185,1,1,35.6094831,51.51405391
2022.MMP00186,1,1,35.6094831,51.51405391
2022.MMP00187,1,1,35.6094831,51.51405391
2022.MMP00188,1,1,35.6094831,51.51405391
2022.MMP00189,1,1,35.6094831,51.51405391
2022.MMP00190,1,1,35.6094831,51.51405391
2022.MMP00191,1,1,35.91530545,50.73797985
2022.MMP00192,1,1,35.6094831,51.51405391
2022.MMP00193,1,1,35.6094831,51.51405391
2022.MMP00194,1,1,32.99688134,57.96974133
2022.MMP00195,1,1,35.83268259,50.95694725
2022.MMP00196,1,1,35.6094831,51.51405391
2022.MMP00197,1,1,35.6094831,51.51405391
2022.MMP00198,1,1,35.6094831,51.51405391
2022.MMP00199,1,1,35.6094831,51.51405391
2022.MMP00200,1,1,35.6094831,51.51405391
2022.MMP00201,1,1,35.6094831,51.51405391
2022.MMP00202,1,1,36.2596928,51.96227584
2022.MMP00203,1,1,35.6094831,51.51405391
2022.MMP00204,1,1,35.6094831,51.51405391
2022.MMP00205,1,1,35.6094831,51.51405391
2022.MMP00206,1,1,35.6094831,51.51405391
2022.MMP00207,1,1,35.6094831,51.51405391
2022.MMP00208,1,1,35.6094831,51.51405391
2022.MMP00209,1,1,35.6094831,51.51405391
2022.MMP00210,1,1,35.6094831,51.51405391
2022.MMP00211,1,1,35.6094831,51.51405391
2022.MMP00212,1,1,35.6094831,51.51405391
2022.MMP00213,1,1,35.6094831,51.51405391
2022.MMP00214,1,1,32.68681223,51.99131582
2022.MMP00215,1,1,35.6094831,51.51405391
2022.MMP00216,1,1,35.6094831,51.51405391
2022.MMP00217,1,1,35.6094831,51.51405391
2022.MMP00218,1,1,35.6094831,51.51405391
2022.MMP00219,1,1,35.6094831,51.51405391
2022.MMP00220,1,1,28.95046741,57.57054
2022.MMP00221,1,1,28.91397523,50.927101
2022.MMP00222,1,1,30.10558043,55.175261
2022.MMP00223,1,1,29.85315945,57.414016
2022.MMP00224,1,1,27.44186775,62.278278
2022.MMP00225,1,1,27.44186775,62.278278
2022.MMP00226,1,1,27.44186775,62.278278
2022.MMP00227,1,1,27.44186775,62.278278
2022.MMP00228,1,1,27.44186775,62.278278
2022.MMP00229,1,1,27.44186775,62.278278
2022.MMP00230,1,1,27.44186775,62.278278
2022.MMP00231,1,1,27.44186775,62.278278
2022.MMP00232,1,1,29.424292,55.718003
2022.MMP00233,1,1,29.63186286,52.512362
2022.MMP00234,1,1,31.96625955,54.758785
2022.MMP00235,1,1,29.63186286,52.512362
2022.MMP00236,1,1,32.85510866,53.105249
2022.MMP00237,1,1,27.35022729,62.353166
2022.MMP00238,1,1,29.62014626,52.422454
2022.MMP00240,1,1,29.63186286,52.512362
2022.MMP00241,1,1,28.88414063,51.283607
2022.MMP00242,1,1,29.63186286,52.512362
2022.MMP00243,1,1,26.97500663,56.179876
2022.MMP00244,1,1,29.63186286,52.512362
2022.MMP00245,1,1,30.26235756,57.138688
2022.MMP00246,1,1,31.96625955,54.758785
2022.MMP00247,1,1,27.84212492,58.363501
2022.MMP00248,1,1,27.35022729,62.353166
2022.MMP00249,1,1,29.85315945,57.414016
2022.MMP00250,1,1,29.63186286,52.512362
2022.MMP00252,1,1,28.2429916,61.166179
2022.MMP00253,1,1,28.2429916,61.166179
2022.MMP00254,1,1,28.2429916,61.166179
2022.MMP00255,1,1,28.2429916,61.166179
2022.MMP00256,1,1,29.63186286,52.512362
2022.MMP00257,1,1,31.05124289,61.501773
2022.MMP00258,1,1,28.91397523,50.927101
2022.MMP00259,1,1,28.95046741,57.57054
2022.MMP00261,1,1,31.05124289,61.501773
2022.MMP00262,1,1,28.91397523,50.927101
2022.MMP00263,1,1,28.91397523,50.927101
2022.MMP00264,1,1,29.85315945,57.414016
2022.MMP00265,1,1,30.325114,56.069676
2022.MMP00266,1,1,27.35022729,62.353166
2022.MMP00267,1,1,29.63186286,52.512362
2022.MMP00269,1,1,27.21161534,60.684828
2022.MMP00270,1,1,29.1403563,58.17825
2022.MMP00271,1,1,29.63186286,52.512362
2022.MMP00272,1,1,29.85315945,57.414016
2022.MMP00273,1,1,31.96625955,54.758785
2022.MMP00274,1,1,29.424292,55.718003
2022.MMP00275,1,1,29.424292,55.718003
2022.MMP00276,1,1,29.1403563,58.17825
2022.MMP00277,1,1,32.2537812,52.505807
2022.MMP00278,1,1,27.21161534,60.684828
2022.MMP00279,1,1,27.35022729,62.353166
2022.MMP00280,1,1,29.63186286,52.512362
2022.MMP00281,1,1,29.63186286,52.512362
2022.MMP00282,1,1,27.35022729,62.353166
2022.MMP00283,1,1,27.35022729,62.353166
2022.MMP00284,1,1,29.51824381,55.755969
2022.MMP00285,1,1,25.29701936,60.640732
2022.MMP00286,1,1,35.6094831,51.514054
2022.MMP00287,1,1,28.95046741,57.57054
2022.MMP00288,28,86,3.248823363,99.873995
2022.MMP00289,1,4,13.18753886,99.833654
2022.MMP0029,1,1,12.95273175,0
2022.MMP00290,2,2,32.569913,23.99364
2022.MMP00291,2,2,32.439045,23.84807115
2022.MMP00292329,1,129,33.15,13.55
2022.MMP00292330,1,1,33.15,13.55
2022.MMP00293,2,2,28.00204958,-13.002534
2022.MMP0294,2,3,34.12274711,71.09295845
2022.MMP0295,1,1,41.64734149,1.139247
2022.MMP0296,8,8,50.96053822,30.525102
2022.MMP0297,2,2,32.79225947,12.677703
2022.MMP0298,11,137,32.86901853,14
2022.MMP0299,1,1,28.69723936,-100.51094
2022.MMP0300,1,1,28.69723587,-100.510897
2022.MMP0301,1,1,8.534414905,-82.839308
2022.MMP0302,1,1,28.69614891,-100.511201
2022.MMP0303,1,1,28.66688847,-99.894439
2022.MMP0304,1,1,28.69696633,-100.398193
2022.MMP0305,1,1,28.68062599,-100.569153
2022.MMP0306,1,1,35.07117082,-2.011156
2022.MMP0307,1,1,28.69723936,-100.5109401
2022.MMP0308,1,1,32.53431631,-117.1243307
2022.MMP0309,1,1,25.89758748,-97.49723644
2022.MMP0310,3,3,6.267084872,-75.59933335
2022.MMP0311,1,1,10.44982935,-73.25941196
2022.MMP0312,1,1,-19.27549367,-68.63420335
2022.MMP0313,1,1,-19.27549367,-68.63420335
2022.MMP0314,2,2,24.19595093,-81.69421636
2022.MMP0315,1,1,31.7725283,-106.5154388
2022.MMP0316,1,1,28.71948443,-99.95653969
2022.MMP0317,1,1,31.43284726,-106.146779
2022.MMP0318,96,100,33.40161512,15.396572
2022.MMP0319,1,1,32.79519696,12.578701
2022.MMP0320,2,2,32.79373156,12.611113
2022.MMP0321,26,74,27.63989884,-17.980667
2022.MMP0322,1,11,46.33258883,15.432728
2022.MMP0323,1,1,43.24873174,-1.668492
2022.MMP0324,2,3,43.79822798,7.690881
2022.MMP0325,5,11,45.422594,15.169327
2022.MMP0326,1,3,40.95635593,22.627708
2022.MMP0327,2,12,42.06328808,27.650172
2022.MMP0328,1,10,47.92467876,24.32783
2022.MMP0329,1,1,34.79202335,-1.940234
2022.MMP0330,1,1,28.70505078,-100.5122816
2022.MMP0331,1,1,18.44666602,-69.31938561
2022.MMP0332,1,1,29.32599472,-100.9281473
2022.MMP0333,1,1,31.38776873,-109.3700431
2022.MMP0334,1,8,24.62497079,-81.54325148
2022.MMP0335,1,1,28.69674325,-100.5111637
2022.MMP0336,14,34,34.89139636,11.045814
2022.MMP0337,11,29,35.04299897,11.022543
2022.MMP0338,16,56,32.81768564,12.453429
2022.MMP0339,18,20,32.98428399,12.581516
2022.MMP0343,2,2,28.10278008,-12.049663
2022.MMP0343386,5,5,28.10278008,-12.049663
2022.MMP0344,4,29,38.79547897,42.752788
2022.MMP0345,1,3,39.44431651,-0.376158
2022.MMP0346389,1,4,32.74727124,-117.255436
2022.MMP0346390,1,1,32.74727124,-117.255436
2022.MMP0348,2,19,26.3786187,-16.770964
2022.MMP0349,1,1,16.32370302,-95.226656
2022.MMP0350,4,4,18.41138746,-68.969049
2022.MMP0351,3,3,15.20710604,-89.25105
2022.MMP0352395,1,1,29.30967015,-100.900265
2022.MMP0352396,1,1,27.50301124,-99.526763
2022.MMP0353,1,1,29.30446461,-100.886197
2022.MMP0354,1,2,18.86204066,-98.432618
2022.MMP0355,1,1,31.338277,-109.362154
2022.MMP0356,1,2,31.56512715,-106.2794664
2022.MMP0357,1,1,22.91872955,-0.970115
2022.MMP0358,1,1,22.91872955,-0.970115
2022.MMP0359,1,1,22.91872955,-0.970115
2022.MMP0360,1,1,22.91872955,-0.970115
2022.MMP0361,9,9,22.91872955,-0.970115
2022.MMP0362,1,1,31.9182922,5.327142
2022.MMP0363,1,1,36.07135486,4.760729
2022.MMP0364,16,16,20.24767771,0.999209
2022.MMP0365,1,1,18.08278656,-16.000949
2022.MMP0366,1,1,18.08278656,-16.000949
2022.MMP0367,1,1,22.91872955,-0.970115
2022.MMP0368,35,35,32.89145977,12.487412
2022.MMP0369,1,54,16.64981965,97.954177
2022.MMP0371,2,10,45.301097,15.39508
2022.MMP0372,5,36,37.80051786,27.04366141
2022.MMP0373,27,27,19.22470271,-69.615457
2022.MMP0374,2,2,21.56954132,-88.233528
2022.MMP0375,1,1,28.70921971,-100.509525
2022.MMP0376,1,1,28.69742543,-100.511105
2022.MMP0377,1,1,32.53427077,-117.123732
2022.MMP0378,2,2,28.70921971,-100.509525
2022.MMP0379,1,1,29.30446461,-100.886197
2022.MMP0380,1,1,26.09736015,-98.221172
2022.MMP0381,1,1,28.39041951,-100.348481
2022.MMP0382,1,1,28.7168439,-100.506293
2022.MMP0383,1,1,26.37910974,-98.956948
2022.MMP0384,1,1,28.72898236,-100.508742
2022.MMP0385,1,1,28.45849112,-100.356687
2022.MMP0386,1,1,28.6798592,-100.507396
2022.MMP0387,6,6,30.05041768,-111.101059
2022.MMP0388,3,18,18.86567079,-96.853133
2022.MMP0422,1,1,28.69749259,-100.511041
2022.MMP0423,1,1,26.03463634,-97.672268
2022.MMP0424,1,1,26.62944979,-98.112514
2022.MMP389,3,9,32.70565082,-111.4827043
2022.MMP390,7,20,3.796393244,103.4092111
2022.MMP391441,6,527,5.228970838,100.5531264
2022.MMP391442,1,1,5.228970838,100.5531264
2022.MMP392443,11,24,34.46846729,35.729883
2022.MMP392444,1,7,34.46846729,35.729883
2022.MMP392445,26,52,34.46846729,35.729883
2022.MMP393,26,124,35.00161321,10.971276
2022.MMP394,1,66,32.79283444,12.677462
2022.MMP395,12,106,33.14699825,14.021359
2022.MMP396,2,13,39.59241948,43.774809
2022.MMP397454,23,59,26.59929091,-16.024947
2022.MMP397455,2,2,26.59929091,-16.024947
2022.MMP398,1,1,27.33809627,-13.592776
2022.MMP399,1,1,28.69614891,-100.5112011
2022.MMP400,3,3,32.90107512,-111.6867731
2022.MMP401,1,1,27.82041348,-101.1532647
2022.MMP402,1,1,-20.20811407,-70.15067347
2022.MMP404,1,1,28.79815515,-100.533683
2022.MMP405,2,2,23.09257932,-82.4854845
2022.MMP406,6,6,23.05007621,-82.56748266
2022.MMP407,1,1,28.70505078,-100.5122816
2022.MMP408,1,1,20.2121104,-99.61669202
2022.MMP409,1,1,0.837752035,-77.62158474
2022.MMP411,1,1,28.69742543,-100.5111049
2022.MMP412,1,12,13.77498859,101.9922317
2022.MMP413,1,6,41.19991871,26.318703
2022.MMP414,1,1,43.25080948,-2.969875
2022.MMP415,1,10,42.66416055,26.33257
2022.MMP416,1,1,35.28312826,-2.916288
2022.MMP417,28,41,26.641567,-15.586981
2022.MMP418,2,2,29.33505865,-100.940823
2022.MMP419,1,1,29.33472955,-100.9414584
2022.MMP420,1,6,32.54931863,-116.9494693
2022.MMP421,2,2,47.98650058,23.67351528
2022.MMP422,2,14,14.40311671,100.164845
2022.MMP423,1,17,33.14787681,15.167232
2022.MMP425,1,1,20.48326962,-97.466227
2022.MMP426,2,2,26.69193169,-101.382989
2022.MMP427,1,1,28.69749259,-100.511041
2022.MMP428,1,1,28.70505078,-100.512282
2022.MMP429,1,1,28.5142065,-99.895202
2022.MMP430,1,1,32.81545615,12.434809
2022.MMP431,2,2,33.00126156,11.976061
2022.MMP432,2,2,32.81545615,12.434809
2022.MMP433,1,1,29.30446461,-100.8861965
2022.MMP434,1,1,32.54929721,-116.9494515
2022.MMP435,2,2,28.68083351,-100.5075822
2022.MMP436,1,1,29.32753151,-100.9251559
2022.MMP437,1,1,20.37768398,-101.728838
2022.MMP438,1,1,28.70097983,-100.51163
2022.MMP439,1,1,27.59635532,-99.53730188
2022.MMP440,1,57,18.08738114,-67.89409572
2022.MMP441,1,1,28.60670162,-100.4327162
2022.MMP442,1,1,29.1890127,-99.82253788
2022.MMP443,1,15,26.51992749,-15.607249
2022.MMP444,1,1,43.35019956,-1.7859
2022.MMP445,1,14,11.80198353,99.752514
2022.MMP446,1,21,17.24432306,98.447198
2022.MMP447,3,3,35.00342779,10.950701
2022.MMP448,1,1,9.516309516,45.557167
2022.MMP449,1,1,50.94064795,1.941569
2022.MMP450,8,11,36.82826849,-2.464412
2022.MMP451,16,21,36.68547137,2.747042
2022.MMP452,2,2,41.65826038,26.480587
2022.MMP453,13,59,28.76152776,-12.598838
2022.MMP454,44,56,26.12291766,-14.50032
2022.MMP456,1,1,35.6094831,51.514054
2022.MMP457,1,1,35.6094831,51.514054
2022.MMP458,1,1,32.64139838,51.706926
2022.MMP459,1,1,35.6094831,51.514054
2022.MMP460,1,1,32.64139838,51.706926
2022.MMP461,1,1,35.6094831,51.514054
2022.MMP462,1,1,32.64139838,51.706926
2022.MMP463,1,1,35.83457043,50.951497
2022.MMP464,1,1,35.83457043,50.951497
2022.MMP465,1,1,32.64139838,51.706926
2022.MMP466,1,1,35.6094831,51.514054
2022.MMP467,1,1,29.63447121,52.553603
2022.MMP468,1,1,32.64139838,51.706926
2022.MMP469,1,1,33.98112192,51.428201
2022.MMP470,1,1,33.98112192,51.428201
2022.MMP471,1,1,29.63447121,52.553603
2022.MMP472,1,1,31.34751177,48.721392
2022.MMP473,1,1,35.6094831,51.514054
2022.MMP474,1,1,27.1684853,56.200806
2022.MMP475,1,1,35.6094831,51.514054
2022.MMP476,1,1,32.64139838,51.706926
2022.MMP477,1,1,35.6094831,51.514054
2022.MMP478,1,1,37.54561366,45.06834
2022.MMP479,1,1,29.63447121,52.553603
2022.MMP480,1,1,35.6094831,51.514054
2022.MMP482,1,1,37.48139037,49.427296
2022.MMP483,1,1,35.6094831,51.514054
2022.MMP484,1,1,35.6094831,51.514054
2022.MMP485,1,1,35.6094831,51.514054
2022.MMP486,1,1,35.6094831,51.514054
2022.MMP487,1,1,35.6094831,51.514054
2022.MMP488,1,1,35.6094831,51.514054
2022.MMP489,1,1,30.27303232,57.003419
2022.MMP490,1,1,36.08360338,52.348807
2022.MMP491,1,1,35.83457043,50.951497
2022.MMP492,1,1,35.6094831,51.514054
2022.MMP493,1,1,29.63447121,52.553603
2022.MMP494,1,1,37.54561366,45.06834
2022.MMP495,1,1,30.26235756,57.138688
2022.MMP496,1,1,28.95046741,57.57054
2022.MMP497,1,1,35.6094831,51.514054
2022.MMP498,1,22,28.23007995,61.196037
2022.MMP499,1,9,28.23007995,61.196037
2022.MMP500,1,1,30.26235756,57.138688
2022.MMP501,1,1,38.46812027,44.371418
2022.MMP502,1,1,29.63186286,52.512362
2022.MMP503,1,1,29.63186286,52.512362
2022.MMP504,1,2,29.63186286,52.512362
2022.MMP505,1,1,29.63186286,52.512362
2022.MMP506,1,1,25.30369277,60.651375
2022.MMP507,1,1,29.63186286,52.512362
2022.MMP508,1,1,29.63186286,52.512362
2022.MMP509,1,1,35.6094831,51.514054
2022.MMP510,1,1,29.63186286,52.512362
2022.MMP511,1,1,37.54561366,45.06834
2022.MMP512,1,1,29.63186286,52.512362
2022.MMP513,1,1,29.63186286,52.512362
2022.MMP514,1,1,25.30803805,60.643822
2022.MMP515,1,2,29.09961285,58.352097
2022.MMP516,1,1,32.2537812,52.505807
2022.MMP517,1,1,35.6094831,51.514054
2022.MMP518,1,1,32.2537812,52.505807
2022.MMP519,1,1,25.30741731,60.644852
2022.MMP520,1,3,29.63186286,52.512362
2022.MMP521,1,6,27.21161534,60.684828
2022.MMP522,1,1,27.21161534,60.684828
2022.MMP523,1,1,29.63186286,52.512362
2022.MMP524,1,1,28.23007995,61.196037
2022.MMP525,1,1,29.63186286,52.512362
2022.MMP526,1,2,29.63186286,52.512362
2022.MMP527,1,1,35.6094831,51.514054
2022.MMP528,1,1,29.63186286,52.512362
2022.MMP529,1,1,28.95046741,57.57054
2022.MMP530,1,1,29.63186286,52.512362
2022.MMP531,1,1,35.6094831,51.514054
2022.MMP532,1,1,35.6094831,51.514054
2022.MMP533,1,1,35.6094831,51.514054
2022.MMP534,1,1,27.1684853,56.200806
2022.MMP535,1,2,28.91397523,50.927101
2022.MMP536,1,1,28.91397523,50.927101
2022.MMP537,1,1,28.91397523,50.927101
2022.MMP538,1,1,30.26235756,57.138688
2022.MMP539,1,1,35.6094831,51.514054
2022.MMP540,1,1,35.6094831,51.514054
2022.MMP541,1,1,35.6094831,51.514054
2022.MMP542,1,1,31.88472913,54.330574
2022.MMP543,1,1,35.6094831,51.514054
2022.MMP544,1,1,26.78319418,55.889152
2022.MMP545,1,1,32.2537812,52.505807
2022.MMP546,1,1,35.6094831,51.514054
2022.MMP547,1,1,11.10659989,42.373748
2022.MMP548,8,13,12.4566755,42.848972
2022.MMP549,6,13,12.4566755,42.848972
2022.MMP550,1,1,19.33473187,5.771928
2022.MMP551,3,3,32.71552915,14.103408
2022.MMP552,1,1,18.92133914,7.468077
2022.MMP553,2,2,19.06860402,13.057038
2022.MMP554,1,1,18.98553305,13.031329
2022.MMP555,3,3,22.47687807,5.498753
2022.MMP556,1,1,22.47687807,5.498753
2022.MMP557,5,5,13.10688006,14.445103
2022.MMP558,1,1,26.14091065,14.734655
2022.MMP559,1,1,33.65427282,7.421188
2022.MMP560,2,2,24.61277072,14.662784
2022.MMP561,2,2,32.79276432,12.677791
2022.MMP563,14,58,35.01667431,11.005554
2022.MMP564,4,20,16.81282955,-92.806562
2022.MMP565,1,1,32.94367496,12.075112
2022.MMP566,3,3,32.94367496,12.075112
2022.MMP567,1,1,30.68149745,19.930333
2022.MMP568,7,20,32.96603379,12.46554
2022.MMP569,1,1,38.31897648,16.405955
2022.MMP570,2,2,-18.30383814,-70.313275
2022.MMP571,11,49,18.38482533,-67.472731
2022.MMP572,2,2,28.69878999,-100.51005
2022.MMP573,1,1,28.70353826,-100.512026
2022.MMP574,1,1,-19.40229056,-68.428256
2022.MMP575,5,5,28.6960464,-100.513926
2022.MMP576,1,1,28.70294712,-100.499194
2022.MMP577,76,100,34.59483841,11.188245
2022.MMP578,1,1,32.79459865,13.742073
2022.MMP579,1,1,32.79563233,12.588118
2022.MMP580634,6,29,18.96745832,12.875758
2022.MMP580635,1,1,18.96745832,12.875758
2022.MMP581,1,1,51.01221717,2.295049
2022.MMP582,1,1,50.94286881,1.886607
2022.MMP583,2,2,32.81545615,12.434809
2022.MMP584639,6,90,33.34965437,12.469911
2022.MMP584640,2,2,33.34965437,12.469911
2022.MMP584641,2,2,33.34965437,12.469911
2022.MMP585,1,1,53.65351553,23.627685
2022.MMP586,2,10,15.283877139615,100.22511012158
2022.MMP587,67,90,17.962247185449,94.070537344256
2022.MMP588,1,32,34.95898114,32.310198
2022.MMP603,2,14,41.06845762,24.751579
2022.MMP604,1,1,32.79373156,12.611113
2022.MMP605,1,1,32.77524951,22.647642
2022.MMP606649,4,16,37.13257533,-1.202884
2022.MMP606650,1,1,37.13257533,-1.202884
2022.MMP607,1,1,29.31859056,-100.91665
2022.MMP608,1,1,28.67428913,-100.505241
2022.MMP609,2,2,14.96150862,-92.146592
2022.MMP610,1,1,28.67814929,-100.505022
2022.MMP611,4,4,16.78299385,-92.694434
2022.MMP612,7,7,18.17068046,-94.132811
2022.MMP613,1,1,28.7294014,-100.508269
2022.MMP614,6,30,22.27026918,-101.129386
2022.MMP615,2,2,28.69439313,-100.510954
2022.MMP616,4,6,28.69439313,-100.510954
2022.MMP617,1,1,28.69494588,-100.510988
2022.MMP618,1,2,26.09948251,-98.281114
2022.MMP619663,2,2,28.70505078,-100.512282
2022.MMP619664,1,1,28.70505078,-100.512282
2022.MMP621,1,1,28.45849112,-100.356687
2022.MMP622,1,1,28.69464231,-100.510945
2022.MMP623,1,1,32.24207287,-112.916884
2022.MMP624,1,1,29.3319648,-100.94015
2022.MMP625,2,2,36.6981326,3.207709
2022.MMP626,1,2,32.54505785,-117.122474
2022.MMP627,1,1,31.33926298,-109.558898
2022.MMP628,1,1,28.68128001,-100.507709
2022.MMP629,8,8,-20.24866595,-70.106344
2022.MMP630,1,1,14.07381017,-85.999925
2022.MMP631,1,1,14.87065438,-92.287888
2022.MMP632,1,1,28.66177381,-100.540641
2022.MMP633,1,1,31.49621116,-110.375629
2022.MMP634,1,21,28.3230795,-99.273316
2022.MMP635,1,1,13.86139462,-86.55353
2022.MMP636,1,1,11.29206596,49.175155
2022.MMP637,1,1,11.96771443,43.287182
2022.MMP638,1,1,11.96771443,43.287182
2022.MMP639,1,1,11.96771443,43.287182
2022.MMP640,1,1,11.96771443,43.287182
2022.MMP641,1,1,11.10527337,42.374821
2022.MMP642,1,1,32.700278,14.044444
2022.MMP643,3,3,32.81432724,12.453527
2022.MMP644,1,1,32.81658058,12.391906
2022.MMP645,3,8,38.64112797,1.45611
2022.MMP646,1,17,41.02307738,25.523696
2022.MMP647691,13,27,33.2084609,11.51013
2022.MMP647692,2,2,33.2084609,11.51013
2022.MMP647693,3,3,33.2084609,11.51013
2022.MMP648,1,10,29.48136619,-102.09038
2022.MMP649,1,1,35.9167052,-5.369859
2022.MMP650,1,1,41.24865272,26.358058
2022.MMP651,1,1,42.09417314,27.297456
2022.MMP652,7,7,18.49930764,-67.999657
2022.MMP653,1,1,35.7072592,-0.638275
2022.MMP654,1,5,43.67617301,7.205781
2022.MMP655,1,14,36.75530666,3.058526
2022.MMP656,2,2,22.91872955,-0.970115
2022.MMP657,1,1,22.91872955,-0.970115
2022.MMP658,1,1,45.4468533,15.121324
2022.MMP659,1,1,45.44192132,15.232524
2022.MMP660,1,1,32.79253304,12.707597
2022.MMP661,1,1,21.94530199,23.373661
2022.MMP662,1,1,31.32431725,15.200359
2022.MMP663,1,1,32.7856899,21.406679
2022.MMP664,2,2,32.7965366,12.562769
2022.MMP665,1,1,32.80673336,12.503133
2022.MMP666,1,1,31.51781642,15.233058
2022.MMP667,1,1,31.6293,111.70682
2022.MMP668,1,1,31.797837,111.994462
2022.MMP669,1,1,31.898564,111.779072
2022.MMP670,1,1,32.461864,113.1821
2022.MMP671,1,1,32.271,113.1111
2022.MMP672,1,1,31.96315,111.74367
2022.MMP673,1,1,31.688056,109.104722
2022.MMP674,1,1,32.4065,111.58485
2022.MMP675,1,1,32.40628,111.58488
2022.MMP676,1,1,31.949533,112.42105
2022.MMP677,1,1,31.58798,110.83286
2022.MMP678,1,1,31.85889,112.66678
2022.MMP679,1,1,31.51512592,-110.996554
2022.MMP680,1,1,32.324,112.476
2022.MMP681,1,1,31.886042,111.749883
2022.MMP682,1,1,31.80825,109.25396
2022.MMP683,1,1,32.19593,112.71383
2022.MMP684,1,1,32.091183,112.96065
2022.MMP685,1,1,31.788611,111.835278
2022.MMP686,1,1,31.647921,110.981998
2022.MMP687,1,1,31.641436,110.958247
2022.MMP688,1,1,31.51278,109.06393
2022.MMP689,1,1,32.19954,113.02175
2022.MMP690,1,1,32.116455,113.000737
2022.MMP691,1,1,32.454817,111.6165
2022.MMP692,1,1,32.203833,112.862133
2022.MMP693,1,1,32.1628,112.8812
2022.MMP694,1,1,31.67987304,-111.060104
2022.MMP695,1,1,32.17946,113.05687
2022.MMP696,1,1,32.20112,113.05464
2022.MMP697,1,1,32.19914,113.05184
2022.MMP698,1,1,31.44556,109.38406
2022.MMP699,1,1,31.811467,112.40165
2022.MMP700,1,1,31.362717,109.75205
2022.MMP701,1,1,31.740383,111.832033
2022.MMP702,1,1,31.78031,111.81413
2022.MMP703,1,1,31.997237,112.705325
2022.MMP704,1,1,32.10017,113.20611
2022.MMP705,1,1,32.06621,111.41475
2022.MMP706,1,1,31.744984,110.908999
2022.MMP707,1,1,31.422154,110.659597
2022.MMP708,1,1,31.37417,109.77391
2022.MMP709,1,1,31.61316,111.57234
2022.MMP710,1,1,31.792,111.1377
2022.MMP711,1,1,31.834453,112.440992
2022.MMP712,1,1,31.594686,109.240338
2022.MMP713,1,1,31.334049,109.734019
2022.MMP714,1,1,31.52124,111.28947
2022.MMP715,1,1,32.639945,112.233112
2022.MMP716,1,1,31.73384,111.0195
2022.MMP717,1,1,31.977,112.963
2022.MMP718,1,1,31.47278,109.2778
2022.MMP719,1,1,32.359573,113.114043
2022.MMP720,1,1,31.37215,110.312517
2022.MMP721,1,1,31.35755,110.80747
2022.MMP722,1,1,32.4581,111.6586
2022.MMP723,1,1,31.72405,112.00395
2022.MMP724,1,1,31.51512592,-110.996554
2022.MMP725,1,1,31.85911,111.451181
2022.MMP726,1,1,31.840127,112.129928
2022.MMP727,1,1,31.85911,111.451181
2022.MMP728,1,1,31.86884,111.40956
2022.MMP729,1,1,31.339718,109.558826
2022.MMP730,1,1,32.252477,110.963326
2022.MMP731,1,1,31.54466,109.6988
2022.MMP732,1,1,31.70413,111.77934
2022.MMP733,1,1,31.903127,111.962184
2022.MMP734,1,1,31.937199,111.938904
2022.MMP735,1,1,32.280179,111.591813
2022.MMP736,1,1,31.904053,111.975776
2022.MMP737,1,1,32.35904,113.11756
2022.MMP738,1,1,31.8999891,111.77021
2022.MMP739,1,1,31.66515834,-111.253771
2022.MMP740,1,1,31.8012,110.9595
2022.MMP741,1,1,31.982717,112.1306
2022.MMP742,1,1,31.3665,110.007283
2022.MMP743,1,1,31.6394,111.800367
2022.MMP744,1,1,31.72603826,-111.086212
2022.MMP745,1,1,29.33401025,-100.942198
2022.MMP746,1,1,26.09158987,-98.26727
2022.MMP747,2,2,18.98535643,-69.028012
2022.MMP748,1,1,32.71043852,-114.723249
2022.MMP749,2,2,15.14518444,-92.467337
2022.MMP750,1,1,11.22086376,-74.159847
2022.MMP751,2,2,31.80453958,-106.541544
2022.MMP752,1,1,31.58613425,-106.2871
2022.MMP753,1,1,29.05463401,-100.088005
2022.MMP754,1,1,31.68226282,-106.132154
2022.MMP755,2,2,31.78421818,-106.527487
2022.MMP756,1,1,31.81630738,-106.5725715
2022.MMP757,1,1,31.57083385,-106.2824545
2022.MMP758,1,1,31.65610033,-106.3198957
2022.MMP759,1,1,28.68870413,-100.509633
2022.MMP760,3,14,25.70398741,-99.537595
2022.MMP761,7,30,1.205677,104.073542
2022.MMP762809,1,1,31.03913124,-104.8201016
2022.MMP762810,1,1,31.03913124,-104.8201016
2022.MMP763,1,1,43.2603628,-1.678618032
2022.MMP764,1,2,31.78526936,-106.6102837
2022.MMP765,1,1,24.85817318,51.509315
2022.MMP766,1,1,32.53161702,20.5536
2022.MMP767,2,2,32.84147171,13.484024
2022.MMP768816,18,18,35.26706319,-2.952187
2022.MMP768817,5,5,35.26706319,-2.952187
2022.MMP769818,18,89,33.41,12.57
2022.MMP769819,6,6,33.41,12.57
2022.MMP769820,2,2,33.41,12.57
2022.MMP769821,1,1,33.41,12.57
2022.MMP769822,3,3,33.41,12.57
2022.MMP770823,22,38,29.33151323,-98.596078
2022.MMP770824,22,22,29.33151323,-98.596078
2022.MMP770825,7,7,29.33151323,-98.596078
2022.MMP770826,2,2,29.33151323,-98.596078
2022.MMP772,15,107,12.93071242,-16.751966
2022.MMP773,1,1,32.77349043,22.64526
2022.MMP774,1,1,32.87959838,13.401774
2022.MMP775832,10,91,33.10849385,13.81829
2022.MMP775833,3,3,33.10849385,13.81829
2022.MMP775834,1,1,33.10849385,13.81829
2022.MMP775835,1,1,33.10849385,13.81829
2022.MMP776838,18,18,21.28966163,22.798495
2022.MMP776839,2,2,21.28966163,22.798495
2022.MMP777,6,17,33.67551479,10.789969
2022.MMP778,2,2,41.30146374,22.428034
2022.MMP779,1,2,24.80836914,-100.324368
2022.MMP780,1,1,32.87959838,13.401774
2022.MMP781,1,1,32.72598744,14.047436
2022.MMP783,1,1,32.76375064,22.655635
2022.MMP784,22,83,33.21403451,12.215903
2022.MMP785847,2,20,32.9098559,12.440782
2022.MMP785848,1,1,32.9098559,12.440782
2022.MMP786,1,1,32.82172568,12.573547
2022.MMP787,1,1,32.49685138,14.617786
2022.MMP788,1,1,26.88956442,-98.199947
2022.MMP789852,2,4,28.12466981,-99.329223
2022.MMP789853,1,1,28.12466981,-99.329223
2022.MMP789854,1,1,28.12466981,-99.329223
2022.MMP790,2,4,26.23409404,-98.374869
2022.MMP791,1,2,9.927986347,78.129474
2022.MMP792,1,8,46.17286825,19.694719
2022.MMP793,1,4,31.75401315,-106.470777
2022.MMP794,1,40,38.38531151,44.141943
2022.MMP795,1,1,8.95,46.433333
2022.MMP796,1,1,11.27281814,49.187186
2022.MMP797,1,1,31.450057,111.162071
2022.MMP798,1,1,32.228715,111.143768
2022.MMP799,1,1,31.7444831,112.091069
2022.MMP800,1,1,31.971417,112.065367
2022.MMP801,1,1,31.35204,109.59211
2022.MMP802,1,1,31.813117,112.48615
2022.MMP803,1,1,31.88642,111.75181
2022.MMP804,1,1,31.788686,111.062218
2022.MMP805,1,1,31.78036,111.067
2022.MMP806,1,1,31.752033,111.94445
2022.MMP807,1,1,32.172488,112.263997
2022.MMP808,1,1,31.79791,111.77168
2022.MMP809,1,1,31.724553,111.715543
2022.MMP810,1,1,31.804629,111.819084
2022.MMP811,1,1,31.981232,113.150887
2022.MMP812,1,1,31.72563,111.78658
2022.MMP813,1,1,31.80071,111.0671
2022.MMP814,1,1,32.5016,112.03763
2022.MMP815,1,1,32.0753,111.1719
2022.MMP816,1,1,40.94052093,26.322503
2022.MMP817,8,116,37.35629868,25.260743
2022.MMP818,8,8,19.46324003,13.06515
2022.MMP819,1,1,28.70979772,-100.508187
2022.MMP820,1,1,28.48111656,-100.714259
2022.MMP821,1,1,-18.47952921,-70.310673
2022.MMP822,1,1,32.80673336,12.503133
